"Taxon","Comparison","log2FoldChange","padj","Enriched_in","Group","Domain","Phylum","Class","Order","Family","Genus","Species","TaxonLabel"
"daa042970b0b21981baee8000836cd56","VEG vs Base",-2.02705280870506,0.014941607531265,"Base","Healthy","d__Bacteria","p__Thermodesulfobacteriota","c__Desulfovibrionia","o__Desulfovibrionales","Desulfovibrionaceae","Desulfovibrio",NA,"Desulfovibrio"
"45bcc02ef368115f990a7a9291b183f1","VEG vs Base",-1.60554870274734,0.041750664214311,"Base","Healthy","d__Bacteria","p__Pseudomonadota","c__Gammaproteobacteria","o__Burkholderiales","Sutterellaceae","Sutterella",NA,"Sutterella"
"6f49d5f69e1738c2b1caa568169fe45f","VEG vs Base",1.94115609353395,0.0175782254069667,"VEG","Healthy","d__Bacteria","p__Pseudomonadota","c__Gammaproteobacteria","o__Enterobacterales","Enterobacteriaceae",NA,NA,"Enterobacteriaceae"
"9b76d539d0e2dc10d7d4e79f881d9e26","VEG vs Base",2.90123490608788,1.76865076009227e-05,"VEG","Healthy","d__Bacteria","p__Bacillota","c__Bacilli","o__Lactobacillales","Enterococcaceae","Enterococcus",NA,"Enterococcus"
"703c0480cacefd1361843c961509cc5f","VEG vs Base",1.42833875478818,0.0425720686191971,"VEG","Healthy","d__Bacteria","p__Bacillota","c__Bacilli","o__RF39","Incertae_Sedis","Incertae_Sedis",NA,"Incertae_Sedis"
"e01486f15a95a33cf08efc0fcff81e1e","VEG vs Base",-1.31546219111535,0.0487159005684737,"Base","Healthy","d__Bacteria","p__Bacillota","c__Bacilli","o__Erysipelotrichales","Erysipelatoclostridiaceae","Thomasclavelia",NA,"Thomasclavelia"
"0980d69638d0ed9be8d424bcbd9793dc","VEG vs Base",1.76035147045317,0.0220203988948561,"VEG","Healthy","d__Bacteria","p__Bacillota","c__Clostridia","o__Monoglobales","Monoglobaceae","Monoglobus",NA,"Monoglobus"
"93eb4290d8b8208bfe15bf66625ddc97","VEG vs Base",-3.44145449134075,1.76865076009227e-05,"Base","Healthy","d__Bacteria","p__Bacillota","c__Clostridia","o__Clostridiales","Clostridiaceae","Clostridium",NA,"Clostridium"
"c1449339508450160f43d7d07b158ca1","VEG vs Base",-1.65687250269445,0.041750664214311,"Base","Healthy","d__Bacteria","p__Bacillota","c__Clostridia","o__Oscillospirales","[Eubacterium]_coprostanoligenes_group","Incertae_Sedis",NA,"Incertae_Sedis"
"d62f8db43fe2edf6028e61030f4666b2","VEG vs Base",1.67770409144453,0.0335177869677235,"VEG","Healthy","d__Bacteria","p__Bacillota","c__Clostridia","o__Oscillospirales","Ruminococcaceae","Faecalibacterium",NA,"Faecalibacterium"
"b39789c5844768dc6e11d51f5873a209","VEG vs Base",-1.91354991839006,0.0175782254069667,"Base","Healthy","d__Bacteria","p__Bacillota","c__Clostridia","o__Oscillospirales","Ruminococcaceae","Faecalibacterium",NA,"Faecalibacterium"
"05a07cd73fd88135a55ba4c563d82024","VEG vs Base",-1.66752745624347,0.0335177869677235,"Base","Healthy","d__Bacteria","p__Bacillota","c__Clostridia","o__Oscillospirales","Ruminococcaceae","Faecalibacterium",NA,"Faecalibacterium"
"deabd3fbd7a2e2ab38209993b1ff7604","VEG vs Base",1.78637252795881,0.0186512824520737,"VEG","Healthy","d__Bacteria","p__Bacillota","c__Clostridia","o__Oscillospirales","Ruminococcaceae","Acutalibacter",NA,"Acutalibacter"
"8a93282846ff50f8821260066913564a","VEG vs Base",1.53841360698232,0.0470123993942692,"VEG","Healthy","d__Bacteria","p__Bacillota","c__Clostridia","o__Oscillospirales","Ruminococcaceae","Ruminococcus",NA,"Ruminococcus"
"d391f450e46be90ecfd8643770c04a0f","VEG vs Base",-1.87771799100494,0.0175782254069667,"Base","Healthy","d__Bacteria","p__Bacteroidota","c__Bacteroidia","o__Bacteroidales","Prevotellaceae","Incertae_Sedis",NA,"Incertae_Sedis"
"5c6b214c73ad9d74d7e27533ec99a08f","VEG vs Base",1.70658072096665,0.0232969461284667,"VEG","Healthy","d__Bacteria","p__Bacteroidota","c__Bacteroidia","o__Bacteroidales","Marinifilaceae","Butyricimonas",NA,"Butyricimonas"
"17396ea7db18878159ba0722054917d0","VEG vs Base",2.07265449232248,0.0147926311767229,"VEG","Healthy","d__Bacteria","p__Bacteroidota","c__Bacteroidia","o__Bacteroidales","Bacteroidaceae","Bacteroides",NA,"Bacteroides"
"91a43629a3135849e6039189cd98e882","VEG vs Base",1.85750764613296,0.0425720686191971,"VEG","Healthy","d__Bacteria","p__Bacillota","c__Clostridia","o__Lachnospirales","Lachnospiraceae",NA,NA,"Lachnospiraceae"
"310029114ff6f3a06342087a78e7557d","VEG vs Base",1.59996977964279,0.0335177869677235,"VEG","Healthy","d__Bacteria","p__Bacillota","c__Clostridia","o__Lachnospirales","Lachnospiraceae","Blautia",NA,"Blautia"
"f3e7945b6db057401e7e97223ef6d31c","VEG vs Base",2.14928351268036,0.00386060316931873,"VEG","Healthy","d__Bacteria","p__Bacillota","c__Clostridia","o__Lachnospirales","Lachnospiraceae","Lachnospiraceae_UCG-004",NA,"Lachnospiraceae_UCG-004"
"c9311d50f95f0bb7770d526587bc882f","VEG vs Base",1.75900305660081,0.0175782254069667,"VEG","Healthy","d__Bacteria","p__Bacillota","c__Clostridia","o__Lachnospirales","Lachnospiraceae",NA,NA,"Lachnospiraceae"
"3bca869f393274ffb31e6bfc9b54b129","VEG vs Base",2.03429399748492,0.0356900860776682,"VEG","Healthy","d__Bacteria","p__Bacillota","c__Clostridia","o__Lachnospirales","Lachnospiraceae",NA,NA,"Lachnospiraceae"
"e2af01f774d740d5f2f86ee4b594803f","VEG vs Base",2.19142545257512,0.00128671668255965,"VEG","Healthy","d__Bacteria","p__Bacillota","c__Clostridia","o__Lachnospirales","Lachnospiraceae","Mediterraneibacter",NA,"Mediterraneibacter"
"baaafa8e619161d3ed5e4d1562e049b5","FERM vs WO1",2.99373235391021,4.27891405650961e-06,"FERM","Healthy","d__Bacteria","p__Thermodesulfobacteriota","c__Desulfovibrionia","o__Desulfovibrionales","Desulfovibrionaceae","Desulfovibrio",NA,"Desulfovibrio"
"9365be1be080244f6cc583c08703941a","FERM vs WO1",-1.80814294916523,0.00645366833233007,"WO1","Healthy","d__Bacteria","p__Pseudomonadota","c__Gammaproteobacteria","o__Burkholderiales",NA,NA,NA,NA
"f4b26f337ed90f97c6854054bbd36805","FERM vs WO1",-1.3440598700319,0.0386873157975774,"WO1","Healthy","d__Bacteria","p__Pseudomonadota","c__Gammaproteobacteria","o__Burkholderiales","Sutterellaceae","Sutterella",NA,"Sutterella"
"0c0cbd41adf4f6144600a3afe6f7382b","FERM vs WO1",1.18148750080812,0.0170422582887799,"FERM","Healthy","d__Bacteria","p__Pseudomonadota","c__Gammaproteobacteria","o__Pseudomonadales","Pseudomonadaceae","Pseudomonas",NA,"Pseudomonas"
"cf03f77eac6572aa59d731c43f81e8db","FERM vs WO1",1.5375537812911,0.000966641025610029,"FERM","Healthy","d__Bacteria","p__Pseudomonadota","c__Alphaproteobacteria","o__Acetobacterales","Acetobacteraceae","Acetobacter",NA,"Acetobacter"
"85dddd2f4c331738f28161b37ea20db2","FERM vs WO1",2.0379457804659,0.00289773924351321,"FERM","Healthy","d__Bacteria","p__Verrucomicrobiota","c__Verrucomicrobiia","o__Verrucomicrobiales","Akkermansiaceae","Akkermansia",NA,"Akkermansia"
"dfb6c37c7d34ae94546f732620a6d652","FERM vs WO1",-1.55293868242111,0.0162131535983785,"WO1","Healthy","d__Bacteria","p__Verrucomicrobiota","c__Verrucomicrobiia","o__Verrucomicrobiales","Akkermansiaceae","Akkermansia",NA,"Akkermansia"
"decd04ec1f787ceadd753cc0831d33dd","FERM vs WO1",-3.63848937237235,1.81515348112004e-09,"WO1","Healthy","d__Bacteria","p__Bacillota","c__Clostridia","o__Christensenellales","Christensenellaceae","Christensenellaceae_R-7_group",NA,"Christensenellaceae_R-7_group"
"aa0b104600e88c2056ac62188cb7d58b","FERM vs WO1",-1.62230943189027,0.0417344695059129,"WO1","Healthy","d__Bacteria","p__Bacillota","c__Bacilli","o__Erysipelotrichales","Erysipelotrichaceae","Turicibacter",NA,"Turicibacter"
"ea14fdca2a53fb4e7ba30f41ac288515","FERM vs WO1",1.78076704469451,0.000315523212011867,"FERM","Healthy","d__Bacteria","p__Bacillota","c__Bacilli","o__Bacillales","Bacillaceae","Weizmannia",NA,"Weizmannia"
"a721bc4969806bb221cdc5111b634e5b","FERM vs WO1",1.61237443671929,0.0162131535983785,"FERM","Healthy","d__Bacteria","p__Bacillota","c__Bacilli","o__Lactobacillales","Lactobacillaceae","Lacticaseibacillus",NA,"Lacticaseibacillus"
"bf1fbce01d61c15620b5cd5f700701fe","FERM vs WO1",-5.14251299336118,8.26488728468212e-17,"WO1","Healthy","d__Bacteria","p__Actinomycetota","c__Coriobacteriia","o__Coriobacteriales","Coriobacteriaceae","Collinsella",NA,"Collinsella"
"91d4851da9d44068415f3c834c0fe5f1","FERM vs WO1",1.69651413460015,0.0189152643094147,"FERM","Healthy","d__Bacteria","p__Cyanobacteriota","c__Vampirivibrionia","o__Gastranaerophilales","Gastranaerophilaceae","Zag_111",NA,"Zag_111"
"67c3945427d309bb990e5306a051b5be","FERM vs WO1",-2.49369162677278,0.0100995072340044,"WO1","Healthy","d__Bacteria","p__Actinomycetota","c__Actinobacteria","o__Bifidobacteriales","Bifidobacteriaceae","Bifidobacterium",NA,"Bifidobacterium"
"52f625165c1aab4e110dc7b2143eab0a","FERM vs WO1",-1.79410860175254,0.00396671417482193,"WO1","Healthy","d__Bacteria","p__Actinomycetota","c__Actinobacteria","o__Bifidobacteriales","Bifidobacteriaceae","Bifidobacterium",NA,"Bifidobacterium"
"ba76f9031d6a761eb9945026f6fdf30d","FERM vs WO1",-3.85058313917241,6.9850976005885e-11,"WO1","Healthy","d__Bacteria","p__Actinomycetota","c__Actinobacteria","o__Bifidobacteriales","Bifidobacteriaceae","Bifidobacterium",NA,"Bifidobacterium"
"a38aa488aead6a7bd66bb8c15deec362","FERM vs WO1",-1.1784709265168,0.0341568210051234,"WO1","Healthy","d__Bacteria","p__Actinomycetota","c__Actinobacteria","o__Actinomycetales","Actinomycetaceae","Varibaculum",NA,"Varibaculum"
"ea53b50646135d623d822f1ec95a8df0","FERM vs WO1",1.94782148853775,0.00342030088556913,"FERM","Healthy","d__Bacteria","p__Bacillota","c__Negativicutes","o__Veillonellales-Selenomonadales","Selenomonadaceae","Megamonas",NA,"Megamonas"
"46327604290564aec24ca41c36bd9368","FERM vs WO1",-3.69027746046471,5.05265055188859e-09,"WO1","Healthy","d__Bacteria","p__Bacillota","c__Negativicutes","o__Veillonellales-Selenomonadales","Veillonellaceae","Dialister",NA,"Dialister"
"eeb60a4f65b36c8887ec3ef730e989f4","FERM vs WO1",1.52101532540742,0.00815718961503143,"FERM","Healthy","d__Bacteria","p__Bacillota","c__Negativicutes","o__Veillonellales-Selenomonadales","Veillonellaceae","Veillonella",NA,"Veillonella"
"280eb3235f12cb0fb8707007b7954d55","FERM vs WO1",-3.5869477290867,2.22533755185326e-08,"WO1","Healthy","d__Bacteria","p__Bacillota","c__Bacilli","o__Erysipelotrichales","Erysipelotrichaceae","Holdemanella",NA,"Holdemanella"
"4228e14eabb4efac5e01db0a711d9c55","FERM vs WO1",1.91126922559887,0.00396671417482193,"FERM","Healthy","d__Bacteria","p__Bacillota","c__Bacilli","o__Erysipelotrichales","Erysipelotrichaceae","Holdemanella",NA,"Holdemanella"
"eaae31c51ae65482e573dfbf90d7f89a","FERM vs WO1",-1.43093974415554,0.0213092886891816,"WO1","Healthy","d__Bacteria","p__Bacillota","c__Bacilli","o__Erysipelotrichales","Erysipelotrichaceae","Holdemanella",NA,"Holdemanella"
"56b61b7a91af3ead8aa36a4cf61724f9","FERM vs WO1",-1.67573939832764,0.00815718961503143,"WO1","Healthy","d__Bacteria","p__Bacillota","c__Bacilli","o__Erysipelotrichales","Erysipelatoclostridiaceae","Coprobacillus",NA,"Coprobacillus"
"249d454b13154d9ae9d6e52358a0f2ef","FERM vs WO1",-3.88249778573959,7.08929692845086e-10,"WO1","Healthy","d__Bacteria","p__Bacillota","c__Clostridia","o__Peptostreptococcales-Tissierellales","Peptostreptococcaceae","Romboutsia",NA,"Romboutsia"
"f9b87c8f7a792d317365f3412cb54cd9","FERM vs WO1",-1.8333284616611,0.00260729893649236,"WO1","Healthy","d__Bacteria","p__Bacillota","c__Clostridia","o__Peptostreptococcales-Tissierellales","Peptostreptococcaceae","Romboutsia",NA,"Romboutsia"
"a1f74bd479f229b0c79da009b3d67d17","FERM vs WO1",1.94689567075011,0.00815718961503143,"FERM","Healthy","d__Bacteria","p__Bacillota","c__Clostridia","o__Clostridia_UCG-014","Incertae_Sedis","Incertae_Sedis",NA,"Incertae_Sedis"
"d24d32a9e1c9000a83583ef66f88d416","FERM vs WO1",1.46165057714986,0.0147522497746576,"FERM","Healthy","d__Bacteria","p__Bacillota","c__Clostridia","o__Clostridia_UCG-014","Incertae_Sedis","Incertae_Sedis",NA,"Incertae_Sedis"
"99f7da01b80c19c0e0d1b6e4043852da","FERM vs WO1",1.34073943192874,0.0185461211826751,"FERM","Healthy","d__Bacteria","p__Bacillota","c__Clostridia","o__Clostridia_UCG-014","Incertae_Sedis","Incertae_Sedis",NA,"Incertae_Sedis"
"3a53c4908db52a4d7c315cc0dc460021","FERM vs WO1",-1.46416391850209,0.0162131535983785,"WO1","Healthy","d__Bacteria","p__Bacillota","c__Clostridia","o__Oscillospirales","Oscillospiraceae","Colidextribacter",NA,"Colidextribacter"
"e1e619b636cf67918cf5468dd1cbd7b3","FERM vs WO1",-1.56743107114921,0.0105718007003605,"WO1","Healthy","d__Bacteria","p__Bacillota","c__Clostridia","o__Clostridiales","Clostridiaceae","Clostridium",NA,"Clostridium"
"3bb0e3795ea49a14c2483a078cf0e1da","FERM vs WO1",1.74990203414199,0.00283608427328225,"FERM","Healthy","d__Bacteria","p__Bacillota","c__Clostridia","o__Christensenellales","Christensenellaceae","Incertae_Sedis",NA,"Incertae_Sedis"
"b73b8200705cb907a6275f7c535ea2bb","FERM vs WO1",-1.3404287971451,0.0362602408125585,"WO1","Healthy","d__Bacteria","p__Bacillota","c__Clostridia","o__Oscillospirales","Ruminococcaceae","Ruminococcus",NA,"Ruminococcus"
"a3c00a2761ff1f5f5f1ee12c51cc11fd","FERM vs WO1",-4.50933281732641,2.68851772956209e-12,"WO1","Healthy","d__Bacteria","p__Bacillota","c__Clostridia","o__Oscillospirales","Ruminococcaceae","Ruminococcus",NA,"Ruminococcus"
"b8bd809a5067de74044bd75aa82333ad","FERM vs WO1",1.48109449861376,0.0175131078448561,"FERM","Healthy","d__Bacteria","p__Bacillota","c__Clostridia","o__Oscillospirales","[Eubacterium]_coprostanoligenes_group","Incertae_Sedis",NA,"Incertae_Sedis"
"a0b64c129b2d34e8852fc4a760123232","FERM vs WO1",1.09381939774195,0.0399204651011838,"FERM","Healthy","d__Bacteria","p__Bacillota","c__Clostridia","o__Oscillospirales","Ruminococcaceae","Negativibacillus",NA,"Negativibacillus"
"e8d953ce8d885a9045c02a1e10166399","FERM vs WO1",1.37777406903646,0.0111419764983117,"FERM","Healthy","d__Bacteria","p__Bacillota","c__Clostridia","o__Oscillospirales","Ruminococcaceae","Hydrogenoanaerobacterium",NA,"Hydrogenoanaerobacterium"
"6087fea04b15aba47e88558b56a45b47","FERM vs WO1",-5.28110990989777,3.72818927419952e-16,"WO1","Healthy","d__Bacteria","p__Bacillota","c__Clostridia","o__Oscillospirales","Ruminococcaceae",NA,NA,"Ruminococcaceae"
"67fa67802d0de7ba461efa3ef7b52f50","FERM vs WO1",-4.60736149080611,2.92569595873062e-12,"WO1","Healthy","d__Bacteria","p__Bacillota","c__Clostridia","o__Oscillospirales","Ruminococcaceae","Subdoligranulum",NA,"Subdoligranulum"
"b39789c5844768dc6e11d51f5873a209","FERM vs WO1",-1.54816381405086,0.0167291961309535,"WO1","Healthy","d__Bacteria","p__Bacillota","c__Clostridia","o__Oscillospirales","Ruminococcaceae","Faecalibacterium",NA,"Faecalibacterium"
"fba2219be612f204fbab2e5638ac76f4","FERM vs WO1",1.72022789219886,0.00878357800325945,"FERM","Healthy","d__Bacteria","p__Bacillota","c__Clostridia","o__Oscillospirales","Ruminococcaceae","Faecalibacterium",NA,"Faecalibacterium"
"6aef80ec5cce99bc1399242539dabc47","FERM vs WO1",1.58385877186549,0.0135195700331745,"FERM","Healthy","d__Bacteria","p__Bacillota","c__Clostridia","o__Oscillospirales","[Eubacterium]_coprostanoligenes_group","Incertae_Sedis",NA,"Incertae_Sedis"
"5894ae0c9bcaa2457c8b217b438b3a28","FERM vs WO1",-1.366403962692,0.0108221627640553,"WO1","Healthy","d__Bacteria","p__Bacillota","c__Clostridia","o__Oscillospirales","Ruminococcaceae","Acutalibacter",NA,"Acutalibacter"
"23c1f4252354beef3a21f125919a6fb9","FERM vs WO1",-4.06166031603393,8.76605578020656e-10,"WO1","Healthy","d__Bacteria","p__Bacillota","c__Clostridia","o__Oscillospirales","Ruminococcaceae","CAG-352",NA,"CAG-352"
"de171ed11e95e48583a702bfdb74e6ca","FERM vs WO1",1.43437884900194,0.0212104917963204,"FERM","Healthy","d__Bacteria","p__Bacillota","c__Clostridia","o__Oscillospirales","Ruminococcaceae","Incertae_Sedis",NA,"Incertae_Sedis"
"205921bf955c91523c079ab61eea7437","FERM vs WO1",-2.21036397608187,0.000622623379287302,"WO1","Healthy","d__Bacteria","p__Bacillota","c__Clostridia","o__Lachnospirales","Lachnospiraceae","Lachnospiraceae_ND3007_group",NA,"Lachnospiraceae_ND3007_group"
"6d3a2cd69809ceb878b3edb6ddf7d06c","FERM vs WO1",-1.36010373026757,0.0314056172651985,"WO1","Healthy","d__Bacteria","p__Bacillota","c__Clostridia","o__Lachnospirales","Lachnospiraceae","Lachnospiraceae_ND3007_group",NA,"Lachnospiraceae_ND3007_group"
"70d27b4fd0958106905f7b9894ec524c","FERM vs WO1",-2.9949598274685,1.38451881205762e-05,"WO1","Healthy","d__Bacteria","p__Bacteroidota","c__Bacteroidia","o__Bacteroidales","Prevotellaceae","Segatella",NA,"Segatella"
"373de8bed9c3fac2de670ef6b024d101","FERM vs WO1",1.98889544834085,0.00289773924351321,"FERM","Healthy","d__Bacteria","p__Bacteroidota","c__Bacteroidia","o__Bacteroidales","Tannerellaceae","Parabacteroides",NA,"Parabacteroides"
"31760b17e6d0bd30b881d7b3958812b9","FERM vs WO1",2.58694120217384,8.99837750870303e-05,"FERM","Healthy","d__Bacteria","p__Bacteroidota","c__Bacteroidia","o__Bacteroidales","Muribaculaceae","Incertae_Sedis",NA,"Incertae_Sedis"
"33c5febea59c7906a1d35be35094f924","FERM vs WO1",-1.6624149091208,0.0245750712096035,"WO1","Healthy","d__Bacteria","p__Bacteroidota","c__Bacteroidia","o__Bacteroidales","Barnesiellaceae","Barnesiella",NA,"Barnesiella"
"37af311c83f5e181524a4b9b0e9d8e47","FERM vs WO1",-4.69235976277043,5.07086075194648e-12,"WO1","Healthy","d__Bacteria","p__Bacteroidota","c__Bacteroidia","o__Bacteroidales","Bacteroidaceae","Bacteroides",NA,"Bacteroides"
"5d9e4045a8d509fc1c37beac49f5d228","FERM vs WO1",-3.72888283522177,2.10016507098809e-09,"WO1","Healthy","d__Bacteria","p__Bacteroidota","c__Bacteroidia","o__Bacteroidales","Bacteroidaceae","Bacteroides",NA,"Bacteroides"
"8f6117814d0309ac26a638a0c2cf898c","FERM vs WO1",-1.50280429485594,0.0138428490382805,"WO1","Healthy","d__Bacteria","p__Bacteroidota","c__Bacteroidia","o__Bacteroidales","Bacteroidaceae","Bacteroides",NA,"Bacteroides"
"4c6b43eac040f76ac550f21b5f1cf239","FERM vs WO1",-5.80436116701324,6.99331068397788e-20,"WO1","Healthy","d__Bacteria","p__Bacteroidota","c__Bacteroidia","o__Bacteroidales","Bacteroidaceae","Bacteroides",NA,"Bacteroides"
"98d28ee1ef8b0548acbbf7922f1cb1da","FERM vs WO1",1.87697796573643,0.0417344695059129,"FERM","Healthy","d__Bacteria","p__Bacteroidota","c__Bacteroidia","o__Bacteroidales","Bacteroidaceae","Bacteroides",NA,"Bacteroides"
"fbe5cf465b665e7293b396c4e0ae8acb","FERM vs WO1",-4.03737303825985,5.3959468403937e-10,"WO1","Healthy","d__Bacteria","p__Bacteroidota","c__Bacteroidia","o__Bacteroidales","Bacteroidaceae","Bacteroides",NA,"Bacteroides"
"f3eff42a34d274b33a2a055b7de16792","FERM vs WO1",1.91675943458783,0.00394607376895934,"FERM","Healthy","d__Bacteria","p__Bacteroidota","c__Bacteroidia","o__Bacteroidales","Bacteroidaceae","Bacteroides",NA,"Bacteroides"
"6d11026babbcd9f978ab80a6226ba959","FERM vs WO1",-6.68040864508686,4.68872437615297e-35,"WO1","Healthy","d__Bacteria","p__Bacteroidota","c__Bacteroidia","o__Bacteroidales","Bacteroidaceae","Bacteroides",NA,"Bacteroides"
"a3fb31c18a839a033169852829d51047","FERM vs WO1",-5.27816755629409,5.34082362198811e-14,"WO1","Healthy","d__Bacteria","p__Bacteroidota","c__Bacteroidia","o__Bacteroidales","Bacteroidaceae","Bacteroides",NA,"Bacteroides"
"6482c02ca41d543fdbd8f41534eb3de6","FERM vs WO1",1.46193254065662,0.0147522497746576,"FERM","Healthy","d__Bacteria","p__Bacillota","c__Clostridia","o__Lachnospirales","Lachnospiraceae","Dorea",NA,"Dorea"
"c4189ce3abe7ac358660c55f541fcfaa","FERM vs WO1",-4.03564056910612,4.0701690815045e-11,"WO1","Healthy","d__Bacteria","p__Bacillota","c__Clostridia","o__Lachnospirales","Lachnospiraceae","Dorea",NA,"Dorea"
"c3828e5998305ef9eedf336bdc6ac962","FERM vs WO1",1.32896345457976,0.0295089667507045,"FERM","Healthy","d__Bacteria","p__Bacillota","c__Clostridia","o__Lachnospirales","Lachnospiraceae",NA,NA,"Lachnospiraceae"
"b5f3e875d56726690ae2f390c8024320","FERM vs WO1",-1.38919843663493,0.0179715307709167,"WO1","Healthy","d__Bacteria","p__Bacillota","c__Clostridia","o__Lachnospirales","Lachnospiraceae","Butyribacter",NA,"Butyribacter"
"4f17c6758a51ab194aef089e1e3e1767","FERM vs WO1",-6.485034884523,3.00146095889721e-30,"WO1","Healthy","d__Bacteria","p__Bacillota","c__Clostridia","o__Lachnospirales","Lachnospiraceae","Agathobacter",NA,"Agathobacter"
"59fee6981e3ef5b1cd87108c87b53161","FERM vs WO1",-1.53047179644538,0.0170422582887799,"WO1","Healthy","d__Bacteria","p__Bacillota","c__Clostridia","o__Lachnospirales","Lachnospiraceae","Roseburia",NA,"Roseburia"
"827af2885c9821ec1c928a354434a9c4","FERM vs WO1",-1.49445111027485,0.0182869463277724,"WO1","Healthy","d__Bacteria","p__Bacillota","c__Clostridia","o__Lachnospirales","Lachnospiraceae","Agathobacter",NA,"Agathobacter"
"bc785685d6305d342fcd697689d66767","FERM vs WO1",1.39131108930202,0.019124389313822,"FERM","Healthy","d__Bacteria","p__Bacillota","c__Clostridia","o__Lachnospirales","Lachnospiraceae",NA,NA,"Lachnospiraceae"
"cee8e1db08461cd40295dd27d37061e1","FERM vs WO1",-3.335183334281,1.16427586665389e-07,"WO1","Healthy","d__Bacteria","p__Bacillota","c__Clostridia","o__Lachnospirales","Lachnospiraceae","Coprococcus",NA,"Coprococcus"
"643944af378ec22dcc75e03c889a2c07","FERM vs WO1",-4.58369937097535,1.78691483114745e-14,"WO1","Healthy","d__Bacteria","p__Bacillota","c__Clostridia","o__Lachnospirales","Lachnospiraceae","Anaerobutyricum",NA,"Anaerobutyricum"
"68d57be56fd6e12a28bad69cc3f4a45d","FERM vs WO1",-7.57316896495829,1.26540273614674e-91,"WO1","Healthy","d__Bacteria","p__Bacillota","c__Clostridia","o__Lachnospirales","Lachnospiraceae","Blautia",NA,"Blautia"
"b444253f692e8742a0af1196c0d53759","FERM vs WO1",-3.06791700016074,7.65514927618523e-07,"WO1","Healthy","d__Bacteria","p__Bacillota","c__Clostridia","o__Lachnospirales","Lachnospiraceae","[Ruminococcus]_gauvreauii_group",NA,"[Ruminococcus]_gauvreauii_group"
"873a7f94ccffbc259f39407a63b9b6f1","FERM vs WO1",-2.91640264724461,1.59824065223607e-05,"WO1","Healthy","d__Bacteria","p__Bacillota","c__Clostridia","o__Lachnospirales","Lachnospiraceae",NA,NA,"Lachnospiraceae"
"8f9454637e7bc77c046cf213e7adf3c4","FERM vs WO1",2.61954587884316,2.49502575489489e-05,"FERM","Healthy","d__Bacteria","p__Bacillota","c__Clostridia","o__Lachnospirales","Lachnospiraceae","Blautia",NA,"Blautia"
"6f41de405f9e4b1b20b3c83585bd7910","FERM vs WO1",-4.96315478746968,2.06582124684047e-16,"WO1","Healthy","d__Bacteria","p__Bacillota","c__Clostridia","o__Lachnospirales","Lachnospiraceae","Blautia",NA,"Blautia"
"bb7ef5ea354035f7874026906c86773b","FERM vs WO1",-6.34496298159776,1.20425161087857e-36,"WO1","Healthy","d__Bacteria","p__Bacillota","c__Clostridia","o__Lachnospirales","Lachnospiraceae","Blautia",NA,"Blautia"
"4140832009bb61f6f4c306e1c26589a0","FERM vs WO1",-4.51550337260224,1.02083966604929e-12,"WO1","Healthy","d__Bacteria","p__Bacillota","c__Clostridia","o__Lachnospirales","Lachnospiraceae","Blautia",NA,"Blautia"
"b7174bdb9a752ed1356bb228034c956c","FERM vs WO1",-1.37656577015737,0.0265755376440852,"WO1","Healthy","d__Bacteria","p__Bacillota","c__Clostridia","o__Lachnospirales","Lachnospiraceae",NA,NA,"Lachnospiraceae"
"510ccb75bff7570bfd8c4e69d372a0d6","FERM vs WO1",-1.59496309554958,0.0158132980068787,"WO1","Healthy","d__Bacteria","p__Bacillota","c__Clostridia","o__Lachnospirales","Lachnospiraceae","Mediterraneibacter",NA,"Mediterraneibacter"
"69dee22c6cffa21d6f4dc1ffe2300727","FERM vs WO1",-1.66626226584711,0.00807493147259639,"WO1","Healthy","d__Bacteria","p__Bacillota","c__Clostridia","o__Lachnospirales","Lachnospiraceae",NA,NA,"Lachnospiraceae"
"767291f98745fef4fe9eb46d06c72e0a","FERM vs WO1",-3.43602315660081,7.09018836750003e-08,"WO1","Healthy","d__Bacteria","p__Bacillota","c__Clostridia","o__Lachnospirales","Lachnospiraceae","Lachnospiraceae_NK4A136_group",NA,"Lachnospiraceae_NK4A136_group"
"1187f4f4744824df4df00e7b301c27a4","FERM vs WO1",0.70644347062171,0.0105718007003605,"FERM","Healthy","d__Bacteria","p__Bacillota","c__Clostridia","o__Lachnospirales","Lachnospiraceae","Anaerostipes",NA,"Anaerostipes"
"d887b1cf69189156634cc0c5ad21d303","FERM vs WO1",-3.03198201258178,9.3577836174091e-07,"WO1","Healthy","d__Bacteria","p__Bacillota","c__Clostridia","o__Lachnospirales","Lachnospiraceae","Lachnospira",NA,"Lachnospira"
"382e0bcbcc24da64de4fcf0e5fde18a7","FERM vs WO1",3.13475458451772,3.02874630639188e-06,"FERM","Healthy","d__Bacteria","p__Bacillota","c__Clostridia","o__Lachnospirales","Lachnospiraceae","possible_genus_Sk018",NA,"possible_genus_Sk018"
"2c2409400c8da577c3c067b5f5aa9f89","FERM vs WO1",1.5875353881915,0.0100978382911147,"FERM","Healthy","d__Bacteria","p__Bacillota","c__Clostridia","o__Lachnospirales","Lachnospiraceae","Lachnoclostridium",NA,"Lachnoclostridium"
"0dae804b45b15d08bcf254587ab47d32","FERM vs WO1",-6.40529544861689,1.80732907604866e-33,"WO1","Healthy","d__Bacteria","p__Bacillota","c__Clostridia","o__Lachnospirales","Lachnospiraceae","Fusicatenibacter",NA,"Fusicatenibacter"
"cf03f77eac6572aa59d731c43f81e8db","FERM vs VEG",1.53662661190725,0.00522283311690361,"FERM","Healthy","d__Bacteria","p__Pseudomonadota","c__Alphaproteobacteria","o__Acetobacterales","Acetobacteraceae","Acetobacter",NA,"Acetobacter"
"9b76d539d0e2dc10d7d4e79f881d9e26","FERM vs VEG",-1.93102573612844,0.0216841905235878,"VEG","Healthy","d__Bacteria","p__Bacillota","c__Bacilli","o__Lactobacillales","Enterococcaceae","Enterococcus",NA,"Enterococcus"
"ea14fdca2a53fb4e7ba30f41ac288515","FERM vs VEG",1.77980124631276,0.00201987702118325,"FERM","Healthy","d__Bacteria","p__Bacillota","c__Bacilli","o__Bacillales","Bacillaceae","Weizmannia",NA,"Weizmannia"
"a721bc4969806bb221cdc5111b634e5b","FERM vs VEG",2.12913734582735,0.00201987702118325,"FERM","Healthy","d__Bacteria","p__Bacillota","c__Bacilli","o__Lactobacillales","Lactobacillaceae","Lacticaseibacillus",NA,"Lacticaseibacillus"
"01f593727711cfe87261cea2c7cfa956","FERM vs VEG",1.61455166830194,0.0130210583397025,"FERM","Healthy","d__Bacteria","p__Bacillota","c__Bacilli","o__Lactobacillales","Lactobacillaceae","Lactiplantibacillus",NA,"Lactiplantibacillus"
"f34232abe53fd35640f440275a585503","FERM vs VEG",1.63146227223447,0.0307340787389747,"FERM","Healthy","d__Bacteria","p__Cyanobacteriota","c__Vampirivibrionia","o__Gastranaerophilales","Gastranaerophilaceae","Zag_111",NA,"Zag_111"
"db237d14b271a32bad6f12b06b88373e","FERM vs VEG",-2.91497429572453,0.000131889975618828,"VEG","Healthy","d__Bacteria","p__Cyanobacteriota","c__Vampirivibrionia","o__Gastranaerophilales","Gastranaerophilaceae","Zag_111",NA,"Zag_111"
"56b61b7a91af3ead8aa36a4cf61724f9","FERM vs VEG",-2.38062869176205,0.000754250568412854,"VEG","Healthy","d__Bacteria","p__Bacillota","c__Bacilli","o__Erysipelotrichales","Erysipelatoclostridiaceae","Coprobacillus",NA,"Coprobacillus"
"f2dd26c7557112219a91644d4a751b53","FERM vs VEG",2.3704695531884,0.0130210583397025,"FERM","Healthy","d__Bacteria","p__Bacillota","c__Clostridia","o__Oscillospirales","Ruminococcaceae","Ruminococcus",NA,"Ruminococcus"
"c1449339508450160f43d7d07b158ca1","FERM vs VEG",1.75380578657848,0.0307340787389747,"FERM","Healthy","d__Bacteria","p__Bacillota","c__Clostridia","o__Oscillospirales","[Eubacterium]_coprostanoligenes_group","Incertae_Sedis",NA,"Incertae_Sedis"
"fba2219be612f204fbab2e5638ac76f4","FERM vs VEG",1.72151789959988,0.0307340787389747,"FERM","Healthy","d__Bacteria","p__Bacillota","c__Clostridia","o__Oscillospirales","Ruminococcaceae","Faecalibacterium",NA,"Faecalibacterium"
"373de8bed9c3fac2de670ef6b024d101","FERM vs VEG",1.985751901737,0.0130210583397025,"FERM","Healthy","d__Bacteria","p__Bacteroidota","c__Bacteroidia","o__Bacteroidales","Tannerellaceae","Parabacteroides",NA,"Parabacteroides"
"31760b17e6d0bd30b881d7b3958812b9","FERM vs VEG",2.58852795684397,0.000754250568412854,"FERM","Healthy","d__Bacteria","p__Bacteroidota","c__Bacteroidia","o__Bacteroidales","Muribaculaceae","Incertae_Sedis",NA,"Incertae_Sedis"
"1ddb190d971672cad224df5c09c82cef","FERM vs VEG",-2.6992053643148,0.00317069289655661,"VEG","Healthy","d__Bacteria","p__Bacteroidota","c__Bacteroidia","o__Bacteroidales","Bacteroidaceae","Bacteroides",NA,"Bacteroides"
"b7db7f06d081c70ccc6b990ad2731917","FERM vs VEG",-1.63129085259253,0.0457773582305592,"VEG","Healthy","d__Bacteria","p__Bacillota","c__Clostridia","o__Lachnospirales","Lachnospiraceae","Blautia",NA,"Blautia"
"8f9454637e7bc77c046cf213e7adf3c4","FERM vs VEG",2.62099231142904,0.000338094430571615,"FERM","Healthy","d__Bacteria","p__Bacillota","c__Clostridia","o__Lachnospirales","Lachnospiraceae","Blautia",NA,"Blautia"
"8dc60eb1aeab8a11cdfa4240d00a0921","FERM vs VEG",1.92325577814811,0.0115698761415263,"FERM","Healthy","d__Bacteria","p__Bacillota","c__Clostridia","o__Lachnospirales","Lachnospiraceae","Blautia",NA,"Blautia"
"c9311d50f95f0bb7770d526587bc882f","FERM vs VEG",-1.76504759298589,0.0130210583397025,"VEG","Healthy","d__Bacteria","p__Bacillota","c__Clostridia","o__Lachnospirales","Lachnospiraceae",NA,NA,"Lachnospiraceae"
"382e0bcbcc24da64de4fcf0e5fde18a7","FERM vs VEG",3.13291893876864,0.000112704123307597,"FERM","Healthy","d__Bacteria","p__Bacillota","c__Clostridia","o__Lachnospirales","Lachnospiraceae","possible_genus_Sk018",NA,"possible_genus_Sk018"
"2c2409400c8da577c3c067b5f5aa9f89","FERM vs VEG",1.63609569635505,0.0307340787389747,"FERM","Healthy","d__Bacteria","p__Bacillota","c__Clostridia","o__Lachnospirales","Lachnospiraceae","Lachnoclostridium",NA,"Lachnoclostridium"
"baaafa8e619161d3ed5e4d1562e049b5","VEG vs Base",-3.65024996539706,0.00409640952098155,"Base","Constipation","d__Bacteria","p__Thermodesulfobacteriota","c__Desulfovibrionia","o__Desulfovibrionales","Desulfovibrionaceae","Desulfovibrio",NA,"Desulfovibrio"
"7ba6b0d2919d7307e62db8003f454fbd","VEG vs Base",2.3410356541407,0.0474110696709866,"VEG","Constipation","d__Bacteria","p__Pseudomonadota","c__Alphaproteobacteria","o__Rhodospirillales","Incertae_Sedis","Incertae_Sedis",NA,"Incertae_Sedis"
"a721bc4969806bb221cdc5111b634e5b","VEG vs Base",-2.20163251197695,0.0330516857944056,"Base","Constipation","d__Bacteria","p__Bacillota","c__Bacilli","o__Lactobacillales","Lactobacillaceae","Lacticaseibacillus",NA,"Lacticaseibacillus"
"158be14d43274cac13e78a6d65230a86","VEG vs Base",-2.89616163216177,0.0122188602452184,"Base","Constipation","d__Bacteria","p__Bacillota","c__Bacilli","o__RF39","Incertae_Sedis","Incertae_Sedis",NA,"Incertae_Sedis"
"ea53b50646135d623d822f1ec95a8df0","VEG vs Base",-2.80735188588431,0.0312086238764123,"Base","Constipation","d__Bacteria","p__Bacillota","c__Negativicutes","o__Veillonellales-Selenomonadales","Selenomonadaceae","Megamonas",NA,"Megamonas"
"ef2b40a8bce6272ee5be934ddf09375a","VEG vs Base",-2.67806933088095,0.0312086238764123,"Base","Constipation","d__Bacteria","p__Bacillota","c__Negativicutes","o__Veillonellales-Selenomonadales","Veillonellaceae","Dialister",NA,"Dialister"
"68b85322b15f20338f6c0d94e70cb7e9","VEG vs Base",4.21722730840798,0.000704609930250031,"VEG","Constipation","d__Bacteria","p__Bacillota","c__Bacilli","o__Erysipelotrichales","Erysipelotrichaceae","Catenisphaera",NA,"Catenisphaera"
"8e5eac3879e8a0e1ac2dbb7c2adf5400","VEG vs Base",2.4854254593997,0.0330516857944056,"VEG","Constipation","d__Bacteria","p__Bacillota","c__Bacilli","o__Erysipelotrichales","Erysipelatoclostridiaceae","Asteroleplasma",NA,"Asteroleplasma"
"59491a430320e4f5eccaa622b5e8f4b8","VEG vs Base",3.16992302127676,0.00685161154990194,"VEG","Constipation","d__Bacteria","p__Bacillota","c__Bacilli","o__Acholeplasmatales","Acholeplasmataceae","Anaeroplasma",NA,"Anaeroplasma"
"1de60165b280162a3a7cff001efeeeb5","VEG vs Base",3.99999686818309,0.00116422495955985,"VEG","Constipation","d__Bacteria","p__Bacillota","c__Clostridia","o__Clostridia_UCG-014","Incertae_Sedis","Incertae_Sedis",NA,"Incertae_Sedis"
"f63111eb45a35d0543b97eb96dff76a6","VEG vs Base",-3.25968666882563,0.0122188602452184,"Base","Constipation","d__Bacteria","p__Bacillota","c__Clostridia","o__Clostridia_UCG-014","Incertae_Sedis","Incertae_Sedis",NA,"Incertae_Sedis"
"d5dc5b975cb3d60240c7c41ad4265093","VEG vs Base",2.1805712324135,0.0479409440418709,"VEG","Constipation","d__Bacteria","p__Bacillota","c__Clostridia","o__Oscillospirales","Oscillospiraceae","UCG-002",NA,"UCG-002"
"8462b59aed6ed0c8c94372f9053e56f3","VEG vs Base",2.2428555770332,0.0247222907366537,"VEG","Constipation","d__Bacteria","p__Bacillota","c__Clostridia","o__Oscillospirales","Oscillospiraceae","UCG-005",NA,"UCG-005"
"9d66901946c5c83555cc563965d03aa8","VEG vs Base",6.58745917204173,3.41771795500225e-09,"VEG","Constipation","d__Bacteria","p__Bacillota","c__Clostridia","o__Oscillospirales","Ruminococcaceae","Ruminococcus",NA,"Ruminococcus"
"e962d22d6818d2964bb5d8a65f082d92","VEG vs Base",2.39688892729036,0.0312086238764123,"VEG","Constipation","d__Bacteria","p__Bacillota","c__Clostridia","o__Oscillospirales","Ruminococcaceae","[Eubacterium]_siraeum_group",NA,"[Eubacterium]_siraeum_group"
"ce1fe225b339277c4e93586503d8cb52","VEG vs Base",-3.40598899064681,0.00599234921213243,"Base","Constipation","d__Bacteria","p__Bacillota","c__Clostridia","o__Oscillospirales","[Eubacterium]_coprostanoligenes_group","Incertae_Sedis",NA,"Incertae_Sedis"
"8a93282846ff50f8821260066913564a","VEG vs Base",3.06495358962039,0.0110373572661256,"VEG","Constipation","d__Bacteria","p__Bacillota","c__Clostridia","o__Oscillospirales","Ruminococcaceae","Ruminococcus",NA,"Ruminococcus"
"f84d5a5360138a83a869b46ee8bcdd4a","VEG vs Base",-2.77960755115564,0.0188516263977018,"Base","Constipation","d__Bacteria","p__Bacillota","c__Clostridia","o__Lachnospirales","Lachnospiraceae","[Eubacterium]_ventriosum_group",NA,"[Eubacterium]_ventriosum_group"
"373de8bed9c3fac2de670ef6b024d101","VEG vs Base",3.07038732068064,0.0110373572661256,"VEG","Constipation","d__Bacteria","p__Bacteroidota","c__Bacteroidia","o__Bacteroidales","Tannerellaceae","Parabacteroides",NA,"Parabacteroides"
"6065171bca775798c269ce6f9a4e7fe0","VEG vs Base",-2.79354672177354,0.0188516263977018,"Base","Constipation","d__Bacteria","p__Bacteroidota","c__Bacteroidia","o__Bacteroidales","Bacteroidaceae","Bacteroides",NA,"Bacteroides"
"0d6ba791dbc4e7f051582334407c15b0","VEG vs Base",2.22239152269689,0.0223757684325682,"VEG","Constipation","d__Bacteria","p__Bacillota","c__Clostridia","o__Lachnospirales","Lachnospiraceae","Eisenbergiella",NA,"Eisenbergiella"
"f2e283a60659dd69bfce0aa97bd6691a","VEG vs Base",2.82102830171978,0.0122188602452184,"VEG","Constipation","d__Bacteria","p__Bacillota","c__Clostridia","o__Lachnospirales","Lachnospiraceae","Blautia",NA,"Blautia"
"8dc60eb1aeab8a11cdfa4240d00a0921","VEG vs Base",3.56071293739106,0.000704609930250031,"VEG","Constipation","d__Bacteria","p__Bacillota","c__Clostridia","o__Lachnospirales","Lachnospiraceae","Blautia",NA,"Blautia"
"0f9cbdd336a0e5a0495a3558197204ea","VEG vs Base",2.96347234240496,0.0110373572661256,"VEG","Constipation","d__Bacteria","p__Bacillota","c__Clostridia","o__Lachnospirales","Lachnospiraceae","[Bacteroides]_pectinophilus_group",NA,"[Bacteroides]_pectinophilus_group"
"693c4191f94283ce9354c456c57e08b0","FERM vs WO1",-3.0499236873599,0.0177582808568994,"WO1","Constipation","d__Bacteria","p__Pseudomonadota","c__Alphaproteobacteria","o__Rhodospirillales","Incertae_Sedis","Incertae_Sedis",NA,"Incertae_Sedis"
"85dddd2f4c331738f28161b37ea20db2","FERM vs WO1",3.57692152366,0.00109460824033895,"FERM","Constipation","d__Bacteria","p__Verrucomicrobiota","c__Verrucomicrobiia","o__Verrucomicrobiales","Akkermansiaceae","Akkermansia",NA,"Akkermansia"
"fccd63661bb4885bf6a6b7c5113889d6","FERM vs WO1",2.01989824619452,0.0498152895009251,"FERM","Constipation","d__Bacteria","p__Bacillota","c__Clostridia","o__Christensenellales","Christensenellaceae","Christensenellaceae_R-7_group",NA,"Christensenellaceae_R-7_group"
"decd04ec1f787ceadd753cc0831d33dd","FERM vs WO1",-4.56478155455988,1.84238980309574e-06,"WO1","Constipation","d__Bacteria","p__Bacillota","c__Clostridia","o__Christensenellales","Christensenellaceae","Christensenellaceae_R-7_group",NA,"Christensenellaceae_R-7_group"
"bf1fbce01d61c15620b5cd5f700701fe","FERM vs WO1",-5.71149132202491,1.2287547071021e-10,"WO1","Constipation","d__Bacteria","p__Actinomycetota","c__Coriobacteriia","o__Coriobacteriales","Coriobacteriaceae","Collinsella",NA,"Collinsella"
"df6eadd4b7424ca6d71f52d2fa54a4df","FERM vs WO1",2.69301998974106,0.013537356640539,"FERM","Constipation","d__Bacteria","p__Bacillota","c__Bacilli","o__RF39","Incertae_Sedis","Incertae_Sedis",NA,"Incertae_Sedis"
"ba76f9031d6a761eb9945026f6fdf30d","FERM vs WO1",-4.52355936301571,2.8565517405048e-07,"WO1","Constipation","d__Bacteria","p__Actinomycetota","c__Actinobacteria","o__Bifidobacteriales","Bifidobacteriaceae","Bifidobacterium",NA,"Bifidobacterium"
"ef2b40a8bce6272ee5be934ddf09375a","FERM vs WO1",3.21204744908472,0.00303490527892201,"FERM","Constipation","d__Bacteria","p__Bacillota","c__Negativicutes","o__Veillonellales-Selenomonadales","Veillonellaceae","Dialister",NA,"Dialister"
"68b85322b15f20338f6c0d94e70cb7e9","FERM vs WO1",2.72246372522744,0.0131521112623504,"FERM","Constipation","d__Bacteria","p__Bacillota","c__Bacilli","o__Erysipelotrichales","Erysipelotrichaceae","Catenisphaera",NA,"Catenisphaera"
"280eb3235f12cb0fb8707007b7954d55","FERM vs WO1",-4.36456948864929,9.09701225301644e-06,"WO1","Constipation","d__Bacteria","p__Bacillota","c__Bacilli","o__Erysipelotrichales","Erysipelotrichaceae","Holdemanella",NA,"Holdemanella"
"249d454b13154d9ae9d6e52358a0f2ef","FERM vs WO1",-5.18850342165189,1.55739351056879e-09,"WO1","Constipation","d__Bacteria","p__Bacillota","c__Clostridia","o__Peptostreptococcales-Tissierellales","Peptostreptococcaceae","Romboutsia",NA,"Romboutsia"
"bea82b396a2ff4ac3bda5f765b7ddc96","FERM vs WO1",2.04730450682949,0.0384715575553824,"FERM","Constipation","d__Bacteria","p__Bacillota","c__Clostridia","o__Oscillospirales","Oscillospiraceae","Colidextribacter",NA,"Colidextribacter"
"70d4378622000c2791b218e0a4bee1c0","FERM vs WO1",3.23265792184506,0.00167687250171735,"FERM","Constipation","d__Bacteria","p__Bacillota","c__Clostridia","o__Oscillospirales","Oscillospiraceae","UCG-002",NA,"UCG-002"
"8462b59aed6ed0c8c94372f9053e56f3","FERM vs WO1",2.99999799587904,0.000816375519279534,"FERM","Constipation","d__Bacteria","p__Bacillota","c__Clostridia","o__Oscillospirales","Oscillospiraceae","UCG-005",NA,"UCG-005"
"c1449339508450160f43d7d07b158ca1","FERM vs WO1",-2.37851032236248,0.0293270233896267,"WO1","Constipation","d__Bacteria","p__Bacillota","c__Clostridia","o__Oscillospirales","[Eubacterium]_coprostanoligenes_group","Incertae_Sedis",NA,"Incertae_Sedis"
"6087fea04b15aba47e88558b56a45b47","FERM vs WO1",-5.44183318285937,1.12743763334644e-07,"WO1","Constipation","d__Bacteria","p__Bacillota","c__Clostridia","o__Oscillospirales","Ruminococcaceae",NA,NA,"Ruminococcaceae"
"5259a1b7dab1734f59089a447766fd07","FERM vs WO1",-2.28950562293682,0.0408885902044315,"WO1","Constipation","d__Bacteria","p__Bacillota","c__Clostridia","o__Oscillospirales","Ruminococcaceae","Gemmiger",NA,"Gemmiger"
"17baca5200967daa97d40964bf99301e","FERM vs WO1",-2.22239126291294,0.0423306015382346,"WO1","Constipation","d__Bacteria","p__Bacteroidota","c__Bacteroidia","o__Bacteroidales","Prevotellaceae","Paraprevotella",NA,"Paraprevotella"
"b9939d680e5873d84de201c16940be48","FERM vs WO1",-3.43295699224656,0.00162415252991206,"WO1","Constipation","d__Bacteria","p__Bacteroidota","c__Bacteroidia","o__Bacteroidales","Prevotellaceae","Incertae_Sedis",NA,"Incertae_Sedis"
"b982b334655683cec1875188366f7991","FERM vs WO1",-2.56884134935334,0.0177582808568994,"WO1","Constipation","d__Bacteria","p__Bacteroidota","c__Bacteroidia","o__Bacteroidales","Prevotellaceae","Segatella",NA,"Segatella"
"860dd6a81bdf00478bde28dee735c1bf","FERM vs WO1",-2.45066014031739,0.0169505706958439,"WO1","Constipation","d__Bacteria","p__Bacteroidota","c__Bacteroidia","o__Bacteroidales","Tannerellaceae","Parabacteroides",NA,"Parabacteroides"
"37af311c83f5e181524a4b9b0e9d8e47","FERM vs WO1",-3.36923162839755,0.00112108665458521,"WO1","Constipation","d__Bacteria","p__Bacteroidota","c__Bacteroidia","o__Bacteroidales","Bacteroidaceae","Bacteroides",NA,"Bacteroides"
"acaa288157e896442cec0d66c9d2a56c","FERM vs WO1",2.83457393029491,0.00950255762150979,"FERM","Constipation","d__Bacteria","p__Bacteroidota","c__Bacteroidia","o__Bacteroidales","Bacteroidaceae","Bacteroides",NA,"Bacteroides"
"eeb661ccb68faf90ae2231b415de5595","FERM vs WO1",-2.88752348103114,0.00828699736112042,"WO1","Constipation","d__Bacteria","p__Bacteroidota","c__Bacteroidia","o__Bacteroidales","Bacteroidaceae","Bacteroides",NA,"Bacteroides"
"17396ea7db18878159ba0722054917d0","FERM vs WO1",-2.26303321050856,0.0393765502838208,"WO1","Constipation","d__Bacteria","p__Bacteroidota","c__Bacteroidia","o__Bacteroidales","Bacteroidaceae","Bacteroides",NA,"Bacteroides"
"01d272c52be4b28e07e28dce19e0985c","FERM vs WO1",-2.56884144747385,0.0133817077110865,"WO1","Constipation","d__Bacteria","p__Bacteroidota","c__Bacteroidia","o__Bacteroidales","Bacteroidaceae","Bacteroides",NA,"Bacteroides"
"a41e3c1f9edfc224d0f72205a7ca9bb4","FERM vs WO1",4.23265674001301,1.46359046525487e-05,"FERM","Constipation","d__Bacteria","p__Bacteroidota","c__Bacteroidia","o__Bacteroidales","Bacteroidaceae","Bacteroides",NA,"Bacteroides"
"4c6b43eac040f76ac550f21b5f1cf239","FERM vs WO1",-3.90046186342306,4.50178234220737e-05,"WO1","Constipation","d__Bacteria","p__Bacteroidota","c__Bacteroidia","o__Bacteroidales","Bacteroidaceae","Bacteroides",NA,"Bacteroides"
"fbe5cf465b665e7293b396c4e0ae8acb","FERM vs WO1",-4.28786336419014,1.1328250836337e-05,"WO1","Constipation","d__Bacteria","p__Bacteroidota","c__Bacteroidia","o__Bacteroidales","Bacteroidaceae","Bacteroides",NA,"Bacteroides"
"6d11026babbcd9f978ab80a6226ba959","FERM vs WO1",-6.87528403803608,9.09075603835216e-15,"WO1","Constipation","d__Bacteria","p__Bacteroidota","c__Bacteroidia","o__Bacteroidales","Bacteroidaceae","Bacteroides",NA,"Bacteroides"
"a3fb31c18a839a033169852829d51047","FERM vs WO1",-5.81761837410559,2.09434167979711e-08,"WO1","Constipation","d__Bacteria","p__Bacteroidota","c__Bacteroidia","o__Bacteroidales","Bacteroidaceae","Bacteroides",NA,"Bacteroides"
"4f17c6758a51ab194aef089e1e3e1767","FERM vs WO1",-5.68369262006315,5.64343522490922e-10,"WO1","Constipation","d__Bacteria","p__Bacillota","c__Clostridia","o__Lachnospirales","Lachnospiraceae","Agathobacter",NA,"Agathobacter"
"643944af378ec22dcc75e03c889a2c07","FERM vs WO1",-3.88752282313237,4.50178234220737e-05,"WO1","Constipation","d__Bacteria","p__Bacillota","c__Clostridia","o__Lachnospirales","Lachnospiraceae","Anaerobutyricum",NA,"Anaerobutyricum"
"68d57be56fd6e12a28bad69cc3f4a45d","FERM vs WO1",-6.48756881051925,6.95391362155079e-17,"WO1","Constipation","d__Bacteria","p__Bacillota","c__Clostridia","o__Lachnospirales","Lachnospiraceae","Blautia",NA,"Blautia"
"0659a29efa47b72b3fbe7f8c8d7d7c91","FERM vs WO1",2.45065964479181,0.0169505706958439,"FERM","Constipation","d__Bacteria","p__Bacillota","c__Clostridia","o__Lachnospirales","Lachnospiraceae","[Ruminococcus]_gauvreauii_group",NA,"[Ruminococcus]_gauvreauii_group"
"c2201a527e3dc8add447e73d2d504956","FERM vs WO1",2.24285507396445,0.0292304456276777,"FERM","Constipation","d__Bacteria","p__Bacillota","c__Clostridia","o__Lachnospirales","Lachnospiraceae","[Ruminococcus]_gauvreauii_group",NA,"[Ruminococcus]_gauvreauii_group"
"873a7f94ccffbc259f39407a63b9b6f1","FERM vs WO1",-4.72909984470709,1.46359046525487e-05,"WO1","Constipation","d__Bacteria","p__Bacillota","c__Clostridia","o__Lachnospirales","Lachnospiraceae",NA,NA,"Lachnospiraceae"
"5be40a4af36beb4ba46a48d43a3d5bc9","FERM vs WO1",-2.46814746917685,0.0235560336937701,"WO1","Constipation","d__Bacteria","p__Bacillota","c__Clostridia","o__Lachnospirales","Lachnospiraceae",NA,NA,"Lachnospiraceae"
"6f41de405f9e4b1b20b3c83585bd7910","FERM vs WO1",-5.45942830842619,3.44147379857742e-10,"WO1","Constipation","d__Bacteria","p__Bacillota","c__Clostridia","o__Lachnospirales","Lachnospiraceae","Blautia",NA,"Blautia"
"bb7ef5ea354035f7874026906c86773b","FERM vs WO1",-6.25549794186886,6.66895052791469e-18,"WO1","Constipation","d__Bacteria","p__Bacillota","c__Clostridia","o__Lachnospirales","Lachnospiraceae","Blautia",NA,"Blautia"
"4140832009bb61f6f4c306e1c26589a0","FERM vs WO1",-4.12652966605647,2.10841869109764e-05,"WO1","Constipation","d__Bacteria","p__Bacillota","c__Clostridia","o__Lachnospirales","Lachnospiraceae","Blautia",NA,"Blautia"
"62a580d815083a1cf1cc51d4ecb24857","FERM vs WO1",-3.09310737396499,0.00436143393282144,"WO1","Constipation","d__Bacteria","p__Bacillota","c__Clostridia","o__Lachnospirales","Lachnospiraceae","Mediterraneibacter",NA,"Mediterraneibacter"
"f3e7945b6db057401e7e97223ef6d31c","FERM vs WO1",2.95108813101069,0.00252550876593411,"FERM","Constipation","d__Bacteria","p__Bacillota","c__Clostridia","o__Lachnospirales","Lachnospiraceae","Lachnospiraceae_UCG-004",NA,"Lachnospiraceae_UCG-004"
"0dae804b45b15d08bcf254587ab47d32","FERM vs WO1",-5.92124183659489,1.51016432474171e-10,"WO1","Constipation","d__Bacteria","p__Bacillota","c__Clostridia","o__Lachnospirales","Lachnospiraceae","Fusicatenibacter",NA,"Fusicatenibacter"
"85dddd2f4c331738f28161b37ea20db2","FERM vs VEG",3.57692151290777,0.0239075011468659,"FERM","Constipation","d__Bacteria","p__Verrucomicrobiota","c__Verrucomicrobiia","o__Verrucomicrobiales","Akkermansiaceae","Akkermansia",NA,"Akkermansia"
